[{"image": "0001.jpg", "annotations": [{"label": "Entity", "coordinates": {"x": 619.5, "y": 860.5, "width": 673.0, "height": 355.0}}, {"label": "Relationship", "coordinates": {"x": 447.0, "y": 1220.5, "width": 220.0, "height": 215.0}}, {"label": "Relationship", "coordinates": {"x": 793.5, "y": 1221.5, "width": 219.0, "height": 213.0}}, {"label": "Relationship", "coordinates": {"x": 1140.5, "y": 874.5, "width": 215.0, "height": 219.0}}, {"label": "Relationship", "coordinates": {"x": 1661.0, "y": 526.5, "width": 216.0, "height": 215.0}}, {"label": "Relationship", "coordinates": {"x": 2128.5, "y": 475.5, "width": 213.0, "height": 217.0}}, {"label": "Relationship", "coordinates": {"x": 2127.5, "y": 1142.0, "width": 217.0, "height": 216.0}}, {"label": "Entity", "coordinates": {"x": 1660.0, "y": 861.0, "width": 674.0, "height": 300.0}}, {"label": "Entity", "coordinates": {"x": 620.5, "y": 1555.0, "width": 671.0, "height": 300.0}}, {"label": "Relationship", "coordinates": {"x": 621.0, "y": 501.0, "width": 218.0, "height": 218.0}}, {"label": "Entity", "coordinates": {"x": 620.5, "y": 159.5, "width": 677.0, "height": 317.0}}, {"label": "Entity", "coordinates": {"x": 1660.0, "y": 172.0, "width": 670.0, "height": 342.0}}]}]