<annotation>
	<folder>models</folder>
	<filename>0015.jpg</filename>
	<path>/Users/Vijay/Documents/GitHub/ERDRecognition/TensorFlow/workspace/training_demo/models/0015.jpg</path>
	<source>
		<database>Unknown</database>
	</source>
	<size>
		<width>2550</width>
		<height>3300</height>
		<depth>1</depth>
	</size>
	<segmented>0</segmented>
	<object>
		<name>Relationship</name>
		<pose>Unspecified</pose>
		<truncated>0</truncated>
		<difficult>0</difficult>
		<bndbox>
			<xmin>637</xmin>
			<ymin>572</ymin>
			<xmax>888</xmax>
			<ymax>700</ymax>
		</bndbox>
	</object>
	<object>
		<name>Relationship</name>
		<pose>Unspecified</pose>
		<truncated>0</truncated>
		<difficult>0</difficult>
		<bndbox>
			<xmin>783</xmin>
			<ymin>667</ymin>
			<xmax>1035</xmax>
			<ymax>802</ymax>
		</bndbox>
	</object>
	<object>
		<name>Entity</name>
		<pose>Unspecified</pose>
		<truncated>0</truncated>
		<difficult>0</difficult>
		<bndbox>
			<xmin>1157</xmin>
			<ymin>505</ymin>
			<xmax>1542</xmax>
			<ymax>848</ymax>
		</bndbox>
	</object>
	<object>
		<name>Relationship</name>
		<pose>Unspecified</pose>
		<truncated>0</truncated>
		<difficult>0</difficult>
		<bndbox>
			<xmin>1658</xmin>
			<ymin>592</ymin>
			<xmax>1910</xmax>
			<ymax>723</ymax>
		</bndbox>
	</object>
	<object>
		<name>Entity</name>
		<pose>Unspecified</pose>
		<truncated>0</truncated>
		<difficult>0</difficult>
		<bndbox>
			<xmin>1782</xmin>
			<ymin>880</ymin>
			<xmax>2168</xmax>
			<ymax>1227</ymax>
		</bndbox>
	</object>
	<object>
		<name>Relationship</name>
		<pose>Unspecified</pose>
		<truncated>0</truncated>
		<difficult>0</difficult>
		<bndbox>
			<xmin>1653</xmin>
			<ymin>1258</ymin>
			<xmax>1912</xmax>
			<ymax>1390</ymax>
		</bndbox>
	</object>
	<object>
		<name>Entity</name>
		<pose>Unspecified</pose>
		<truncated>0</truncated>
		<difficult>0</difficult>
		<bndbox>
			<xmin>1503</xmin>
			<ymin>1505</ymin>
			<xmax>1890</xmax>
			<ymax>1852</ymax>
		</bndbox>
	</object>
	<object>
		<name>Relationship</name>
		<pose>Unspecified</pose>
		<truncated>0</truncated>
		<difficult>0</difficult>
		<bndbox>
			<xmin>1632</xmin>
			<ymin>1902</ymin>
			<xmax>1885</xmax>
			<ymax>2032</ymax>
		</bndbox>
	</object>
	<object>
		<name>Relationship</name>
		<pose>Unspecified</pose>
		<truncated>0</truncated>
		<difficult>0</difficult>
		<bndbox>
			<xmin>1088</xmin>
			<ymin>1548</ymin>
			<xmax>1347</xmax>
			<ymax>1678</ymax>
		</bndbox>
	</object>
	<object>
		<name>Relationship</name>
		<pose>Unspecified</pose>
		<truncated>0</truncated>
		<difficult>0</difficult>
		<bndbox>
			<xmin>613</xmin>
			<ymin>1697</ymin>
			<xmax>868</xmax>
			<ymax>1823</ymax>
		</bndbox>
	</object>
	<object>
		<name>Entity</name>
		<pose>Unspecified</pose>
		<truncated>0</truncated>
		<difficult>0</difficult>
		<bndbox>
			<xmin>543</xmin>
			<ymin>1255</ymin>
			<xmax>933</xmax>
			<ymax>1598</ymax>
		</bndbox>
	</object>
	<object>
		<name>Entity</name>
		<pose>Unspecified</pose>
		<truncated>0</truncated>
		<difficult>0</difficult>
		<bndbox>
			<xmin>487</xmin>
			<ymin>860</ymin>
			<xmax>870</xmax>
			<ymax>1205</ymax>
		</bndbox>
	</object>
</annotation>
