<annotation>
	<folder>Dataset_Spring2021_HW4_Q1-2</folder>
	<filename>0029.jpg</filename>
	<path>/Users/bradleybottomlee/Downloads/Dataset_Spring2021_HW4_Q1-2/0029.jpg</path>
	<source>
		<database>Unknown</database>
	</source>
	<size>
		<width>2550</width>
		<height>3300</height>
		<depth>1</depth>
	</size>
	<segmented>0</segmented>
	<object>
		<name>Entity</name>
		<pose>Unspecified</pose>
		<truncated>1</truncated>
		<difficult>0</difficult>
		<bndbox>
			<xmin>1</xmin>
			<ymin>970</ymin>
			<xmax>562</xmax>
			<ymax>1400</ymax>
		</bndbox>
	</object>
	<object>
		<name>Relationship</name>
		<pose>Unspecified</pose>
		<truncated>0</truncated>
		<difficult>0</difficult>
		<bndbox>
			<xmin>632</xmin>
			<ymin>630</ymin>
			<xmax>997</xmax>
			<ymax>820</ymax>
		</bndbox>
	</object>
	<object>
		<name>Entity</name>
		<pose>Unspecified</pose>
		<truncated>0</truncated>
		<difficult>0</difficult>
		<bndbox>
			<xmin>1097</xmin>
			<ymin>500</ymin>
			<xmax>1572</xmax>
			<ymax>1015</ymax>
		</bndbox>
	</object>
	<object>
		<name>Relationship</name>
		<pose>Unspecified</pose>
		<truncated>0</truncated>
		<difficult>0</difficult>
		<bndbox>
			<xmin>1647</xmin>
			<ymin>505</ymin>
			<xmax>2022</xmax>
			<ymax>695</ymax>
		</bndbox>
	</object>
	<object>
		<name>Entity</name>
		<pose>Unspecified</pose>
		<truncated>0</truncated>
		<difficult>0</difficult>
		<bndbox>
			<xmin>1897</xmin>
			<ymin>775</ymin>
			<xmax>2422</xmax>
			<ymax>1315</ymax>
		</bndbox>
	</object>
	<object>
		<name>Relationship</name>
		<pose>Unspecified</pose>
		<truncated>0</truncated>
		<difficult>0</difficult>
		<bndbox>
			<xmin>842</xmin>
			<ymin>1255</ymin>
			<xmax>1197</xmax>
			<ymax>1445</ymax>
		</bndbox>
	</object>
	<object>
		<name>Entity</name>
		<pose>Unspecified</pose>
		<truncated>0</truncated>
		<difficult>0</difficult>
		<bndbox>
			<xmin>1187</xmin>
			<ymin>1720</ymin>
			<xmax>1902</xmax>
			<ymax>2155</ymax>
		</bndbox>
	</object>
	<object>
		<name>Relationship</name>
		<pose>Unspecified</pose>
		<truncated>0</truncated>
		<difficult>0</difficult>
		<bndbox>
			<xmin>2007</xmin>
			<ymin>1645</ymin>
			<xmax>2377</xmax>
			<ymax>1830</ymax>
		</bndbox>
	</object>
	<object>
		<name>Entity</name>
		<pose>Unspecified</pose>
		<truncated>0</truncated>
		<difficult>0</difficult>
		<bndbox>
			<xmin>1892</xmin>
			<ymin>2355</ymin>
			<xmax>2477</xmax>
			<ymax>2855</ymax>
		</bndbox>
	</object>
	<object>
		<name>Relationship</name>
		<pose>Unspecified</pose>
		<truncated>0</truncated>
		<difficult>0</difficult>
		<bndbox>
			<xmin>1737</xmin>
			<ymin>3055</ymin>
			<xmax>2102</xmax>
			<ymax>3240</ymax>
		</bndbox>
	</object>
</annotation>
