<annotation>
	<folder>Dataset_Spring2021_HW4_Q1-2</folder>
	<filename>0030.jpg</filename>
	<path>/Users/bradleybottomlee/Downloads/Dataset_Spring2021_HW4_Q1-2/0030.jpg</path>
	<source>
		<database>Unknown</database>
	</source>
	<size>
		<width>2550</width>
		<height>3300</height>
		<depth>3</depth>
	</size>
	<segmented>0</segmented>
	<object>
		<name>Entity</name>
		<pose>Unspecified</pose>
		<truncated>0</truncated>
		<difficult>0</difficult>
		<bndbox>
			<xmin>503</xmin>
			<ymin>1213</ymin>
			<xmax>810</xmax>
			<ymax>1508</ymax>
		</bndbox>
	</object>
	<object>
		<name>Relationship</name>
		<pose>Unspecified</pose>
		<truncated>0</truncated>
		<difficult>0</difficult>
		<bndbox>
			<xmin>820</xmin>
			<ymin>1053</ymin>
			<xmax>1143</xmax>
			<ymax>1245</ymax>
		</bndbox>
	</object>
	<object>
		<name>Relationship</name>
		<pose>Unspecified</pose>
		<truncated>0</truncated>
		<difficult>0</difficult>
		<bndbox>
			<xmin>350</xmin>
			<ymin>898</ymin>
			<xmax>725</xmax>
			<ymax>1115</ymax>
		</bndbox>
	</object>
	<object>
		<name>Entity</name>
		<pose>Unspecified</pose>
		<truncated>0</truncated>
		<difficult>0</difficult>
		<bndbox>
			<xmin>718</xmin>
			<ymin>650</ymin>
			<xmax>1220</xmax>
			<ymax>930</ymax>
		</bndbox>
	</object>
	<object>
		<name>Relationship</name>
		<pose>Unspecified</pose>
		<truncated>0</truncated>
		<difficult>0</difficult>
		<bndbox>
			<xmin>1418</xmin>
			<ymin>505</ymin>
			<xmax>1728</xmax>
			<ymax>695</ymax>
		</bndbox>
	</object>
	<object>
		<name>Entity</name>
		<pose>Unspecified</pose>
		<truncated>0</truncated>
		<difficult>0</difficult>
		<bndbox>
			<xmin>1805</xmin>
			<ymin>720</ymin>
			<xmax>2190</xmax>
			<ymax>1085</ymax>
		</bndbox>
	</object>
	<object>
		<name>Relationship</name>
		<pose>Unspecified</pose>
		<truncated>0</truncated>
		<difficult>0</difficult>
		<bndbox>
			<xmin>1385</xmin>
			<ymin>1038</ymin>
			<xmax>1555</xmax>
			<ymax>1145</ymax>
		</bndbox>
	</object>
	<object>
		<name>Entity</name>
		<pose>Unspecified</pose>
		<truncated>0</truncated>
		<difficult>0</difficult>
		<bndbox>
			<xmin>1233</xmin>
			<ymin>1233</ymin>
			<xmax>1630</xmax>
			<ymax>1555</ymax>
		</bndbox>
	</object>
	<object>
		<name>Relationship</name>
		<pose>Unspecified</pose>
		<truncated>0</truncated>
		<difficult>0</difficult>
		<bndbox>
			<xmin>1283</xmin>
			<ymin>1595</ymin>
			<xmax>1593</xmax>
			<ymax>1783</ymax>
		</bndbox>
	</object>
	<object>
		<name>Relationship</name>
		<pose>Unspecified</pose>
		<truncated>0</truncated>
		<difficult>0</difficult>
		<bndbox>
			<xmin>1733</xmin>
			<ymin>1160</ymin>
			<xmax>1913</xmax>
			<ymax>1273</ymax>
		</bndbox>
	</object>
	<object>
		<name>Entity</name>
		<pose>Unspecified</pose>
		<truncated>0</truncated>
		<difficult>0</difficult>
		<bndbox>
			<xmin>1948</xmin>
			<ymin>1213</ymin>
			<xmax>2423</xmax>
			<ymax>1635</ymax>
		</bndbox>
	</object>
	<object>
		<name>Relationship</name>
		<pose>Unspecified</pose>
		<truncated>0</truncated>
		<difficult>0</difficult>
		<bndbox>
			<xmin>1710</xmin>
			<ymin>1405</ymin>
			<xmax>1935</xmax>
			<ymax>1543</ymax>
		</bndbox>
	</object>
</annotation>
