<annotation>
	<folder>Dataset_Spring2021_HW4_Q1-2</folder>
	<filename>0046.jpg</filename>
	<path>/Users/bradleybottomlee/Downloads/Dataset_Spring2021_HW4_Q1-2/0046.jpg</path>
	<source>
		<database>Unknown</database>
	</source>
	<size>
		<width>2549</width>
		<height>2077</height>
		<depth>3</depth>
	</size>
	<segmented>0</segmented>
	<object>
		<name>Entity</name>
		<pose>Unspecified</pose>
		<truncated>0</truncated>
		<difficult>0</difficult>
		<bndbox>
			<xmin>342</xmin>
			<ymin>206</ymin>
			<xmax>977</xmax>
			<ymax>545</ymax>
		</bndbox>
	</object>
	<object>
		<name>Entity</name>
		<pose>Unspecified</pose>
		<truncated>0</truncated>
		<difficult>0</difficult>
		<bndbox>
			<xmin>927</xmin>
			<ymin>813</ymin>
			<xmax>1567</xmax>
			<ymax>1195</ymax>
		</bndbox>
	</object>
	<object>
		<name>Entity</name>
		<pose>Unspecified</pose>
		<truncated>0</truncated>
		<difficult>0</difficult>
		<bndbox>
			<xmin>392</xmin>
			<ymin>1270</ymin>
			<xmax>1031</xmax>
			<ymax>1616</ymax>
		</bndbox>
	</object>
	<object>
		<name>Entity</name>
		<pose>Unspecified</pose>
		<truncated>0</truncated>
		<difficult>0</difficult>
		<bndbox>
			<xmin>1370</xmin>
			<ymin>1348</ymin>
			<xmax>1995</xmax>
			<ymax>1795</ymax>
		</bndbox>
	</object>
	<object>
		<name>Entity</name>
		<pose>Unspecified</pose>
		<truncated>0</truncated>
		<difficult>0</difficult>
		<bndbox>
			<xmin>1488</xmin>
			<ymin>329</ymin>
			<xmax>2099</xmax>
			<ymax>661</ymax>
		</bndbox>
	</object>
</annotation>
