<annotation>
	<folder>models</folder>
	<filename>0081.jpg</filename>
	<path>/Users/Vijay/Documents/GitHub/ERDRecognition/TensorFlow/workspace/training_demo/models/0081.jpg</path>
	<source>
		<database>Unknown</database>
	</source>
	<size>
		<width>2550</width>
		<height>1069</height>
		<depth>1</depth>
	</size>
	<segmented>0</segmented>
	<object>
		<name>Entity</name>
		<pose>Unspecified</pose>
		<truncated>0</truncated>
		<difficult>0</difficult>
		<bndbox>
			<xmin>455</xmin>
			<ymin>24</ymin>
			<xmax>764</xmax>
			<ymax>216</ymax>
		</bndbox>
	</object>
	<object>
		<name>Relationship</name>
		<pose>Unspecified</pose>
		<truncated>0</truncated>
		<difficult>0</difficult>
		<bndbox>
			<xmin>658</xmin>
			<ymin>397</ymin>
			<xmax>864</xmax>
			<ymax>502</ymax>
		</bndbox>
	</object>
	<object>
		<name>Relationship</name>
		<pose>Unspecified</pose>
		<truncated>0</truncated>
		<difficult>0</difficult>
		<bndbox>
			<xmin>963</xmin>
			<ymin>398</ymin>
			<xmax>1168</xmax>
			<ymax>502</ymax>
		</bndbox>
	</object>
	<object>
		<name>Entity</name>
		<pose>Unspecified</pose>
		<truncated>0</truncated>
		<difficult>0</difficult>
		<bndbox>
			<xmin>640</xmin>
			<ymin>566</ymin>
			<xmax>950</xmax>
			<ymax>791</ymax>
		</bndbox>
	</object>
	<object>
		<name>Relationship</name>
		<pose>Unspecified</pose>
		<truncated>0</truncated>
		<difficult>0</difficult>
		<bndbox>
			<xmin>861</xmin>
			<ymin>67</ymin>
			<xmax>1066</xmax>
			<ymax>171</ymax>
		</bndbox>
	</object>
	<object>
		<name>Entity</name>
		<pose>Unspecified</pose>
		<truncated>0</truncated>
		<difficult>0</difficult>
		<bndbox>
			<xmin>1181</xmin>
			<ymin>24</ymin>
			<xmax>1510</xmax>
			<ymax>301</ymax>
		</bndbox>
	</object>
	<object>
		<name>Relationship</name>
		<pose>Unspecified</pose>
		<truncated>0</truncated>
		<difficult>0</difficult>
		<bndbox>
			<xmin>1539</xmin>
			<ymin>365</ymin>
			<xmax>1744</xmax>
			<ymax>468</ymax>
		</bndbox>
	</object>
	<object>
		<name>Entity</name>
		<pose>Unspecified</pose>
		<truncated>0</truncated>
		<difficult>0</difficult>
		<bndbox>
			<xmin>1774</xmin>
			<ymin>516</ymin>
			<xmax>2084</xmax>
			<ymax>743</ymax>
		</bndbox>
	</object>
	<object>
		<name>Relationship</name>
		<pose>Unspecified</pose>
		<truncated>0</truncated>
		<difficult>0</difficult>
		<bndbox>
			<xmin>2113</xmin>
			<ymin>601</ymin>
			<xmax>2320</xmax>
			<ymax>705</ymax>
		</bndbox>
	</object>
	<object>
		<name>Entity</name>
		<pose>Unspecified</pose>
		<truncated>0</truncated>
		<difficult>0</difficult>
		<bndbox>
			<xmin>1097</xmin>
			<ymin>752</ymin>
			<xmax>1408</xmax>
			<ymax>1029</ymax>
		</bndbox>
	</object>
	<object>
		<name>Relationship</name>
		<pose>Unspecified</pose>
		<truncated>0</truncated>
		<difficult>0</difficult>
		<bndbox>
			<xmin>1470</xmin>
			<ymin>652</ymin>
			<xmax>1676</xmax>
			<ymax>756</ymax>
		</bndbox>
	</object>
	<object>
		<name>Relationship</name>
		<pose>Unspecified</pose>
		<truncated>0</truncated>
		<difficult>0</difficult>
		<bndbox>
			<xmin>1505</xmin>
			<ymin>873</ymin>
			<xmax>1709</xmax>
			<ymax>977</ymax>
		</bndbox>
	</object>
</annotation>
