<annotation>
	<folder>models</folder>
	<filename>0088.jpg</filename>
	<path>/Users/Vijay/Documents/GitHub/ERDRecognition/TensorFlow/workspace/training_demo/models/0088.jpg</path>
	<source>
		<database>Unknown</database>
	</source>
	<size>
		<width>2550</width>
		<height>3300</height>
		<depth>3</depth>
	</size>
	<segmented>0</segmented>
	<object>
		<name>Entity</name>
		<pose>Unspecified</pose>
		<truncated>0</truncated>
		<difficult>0</difficult>
		<bndbox>
			<xmin>294</xmin>
			<ymin>354</ymin>
			<xmax>824</xmax>
			<ymax>728</ymax>
		</bndbox>
	</object>
	<object>
		<name>Attribute</name>
		<pose>Unspecified</pose>
		<truncated>0</truncated>
		<difficult>0</difficult>
		<bndbox>
			<xmin>867</xmin>
			<ymin>379</ymin>
			<xmax>1062</xmax>
			<ymax>466</ymax>
		</bndbox>
	</object>
	<object>
		<name>Attribute</name>
		<pose>Unspecified</pose>
		<truncated>0</truncated>
		<difficult>0</difficult>
		<bndbox>
			<xmin>1157</xmin>
			<ymin>379</ymin>
			<xmax>1345</xmax>
			<ymax>467</ymax>
		</bndbox>
	</object>
	<object>
		<name>Attribute</name>
		<pose>Unspecified</pose>
		<truncated>0</truncated>
		<difficult>0</difficult>
		<bndbox>
			<xmin>868</xmin>
			<ymin>642</ymin>
			<xmax>1058</xmax>
			<ymax>726</ymax>
		</bndbox>
	</object>
	<object>
		<name>Attribute</name>
		<pose>Unspecified</pose>
		<truncated>0</truncated>
		<difficult>0</difficult>
		<bndbox>
			<xmin>1157</xmin>
			<ymin>642</ymin>
			<xmax>1348</xmax>
			<ymax>725</ymax>
		</bndbox>
	</object>
	<object>
		<name>Entity</name>
		<pose>Unspecified</pose>
		<truncated>0</truncated>
		<difficult>0</difficult>
		<bndbox>
			<xmin>1392</xmin>
			<ymin>354</ymin>
			<xmax>1870</xmax>
			<ymax>754</ymax>
		</bndbox>
	</object>
	<object>
		<name>Attribute</name>
		<pose>Unspecified</pose>
		<truncated>0</truncated>
		<difficult>0</difficult>
		<bndbox>
			<xmin>1969</xmin>
			<ymin>564</ymin>
			<xmax>2234</xmax>
			<ymax>674</ymax>
		</bndbox>
	</object>
	<object>
		<name>Attribute</name>
		<pose>Unspecified</pose>
		<truncated>0</truncated>
		<difficult>0</difficult>
		<bndbox>
			<xmin>1575</xmin>
			<ymin>851</ymin>
			<xmax>1845</xmax>
			<ymax>963</ymax>
		</bndbox>
	</object>
	<object>
		<name>Relationship</name>
		<pose>Unspecified</pose>
		<truncated>0</truncated>
		<difficult>0</difficult>
		<bndbox>
			<xmin>1287</xmin>
			<ymin>957</ymin>
			<xmax>1475</xmax>
			<ymax>1040</ymax>
		</bndbox>
	</object>
	<object>
		<name>Entity</name>
		<pose>Unspecified</pose>
		<truncated>0</truncated>
		<difficult>0</difficult>
		<bndbox>
			<xmin>1235</xmin>
			<ymin>1191</ymin>
			<xmax>1714</xmax>
			<ymax>1621</ymax>
		</bndbox>
	</object>
	<object>
		<name>Attribute</name>
		<pose>Unspecified</pose>
		<truncated>0</truncated>
		<difficult>0</difficult>
		<bndbox>
			<xmin>1811</xmin>
			<ymin>1481</ymin>
			<xmax>2078</xmax>
			<ymax>1592</ymax>
		</bndbox>
	</object>
	<object>
		<name>Attribute</name>
		<pose>Unspecified</pose>
		<truncated>0</truncated>
		<difficult>0</difficult>
		<bndbox>
			<xmin>1472</xmin>
			<ymin>1690</ymin>
			<xmax>1737</xmax>
			<ymax>1798</ymax>
		</bndbox>
	</object>
	<object>
		<name>Attribute</name>
		<pose>Unspecified</pose>
		<truncated>0</truncated>
		<difficult>0</difficult>
		<bndbox>
			<xmin>712</xmin>
			<ymin>798</ymin>
			<xmax>903</xmax>
			<ymax>884</ymax>
		</bndbox>
	</object>
	<object>
		<name>Attribute</name>
		<pose>Unspecified</pose>
		<truncated>0</truncated>
		<difficult>0</difficult>
		<bndbox>
			<xmin>713</xmin>
			<ymin>982</ymin>
			<xmax>902</xmax>
			<ymax>1068</ymax>
		</bndbox>
	</object>
	<object>
		<name>Relationship</name>
		<pose>Unspecified</pose>
		<truncated>0</truncated>
		<difficult>0</difficult>
		<bndbox>
			<xmin>440</xmin>
			<ymin>879</ymin>
			<xmax>677</xmax>
			<ymax>985</ymax>
		</bndbox>
	</object>
	<object>
		<name>Entity</name>
		<pose>Unspecified</pose>
		<truncated>0</truncated>
		<difficult>0</difficult>
		<bndbox>
			<xmin>294</xmin>
			<ymin>1139</ymin>
			<xmax>826</xmax>
			<ymax>1568</ymax>
		</bndbox>
	</object>
	<object>
		<name>Entity</name>
		<pose>Unspecified</pose>
		<truncated>0</truncated>
		<difficult>0</difficult>
		<bndbox>
			<xmin>318</xmin>
			<ymin>1980</ymin>
			<xmax>1009</xmax>
			<ymax>2559</ymax>
		</bndbox>
	</object>
	<object>
		<name>Attribute</name>
		<pose>Unspecified</pose>
		<truncated>0</truncated>
		<difficult>0</difficult>
		<bndbox>
			<xmin>1153</xmin>
			<ymin>2285</ymin>
			<xmax>1538</xmax>
			<ymax>2445</ymax>
		</bndbox>
	</object>
	<object>
		<name>Attribute</name>
		<pose>Unspecified</pose>
		<truncated>0</truncated>
		<difficult>0</difficult>
		<bndbox>
			<xmin>586</xmin>
			<ymin>2701</ymin>
			<xmax>970</xmax>
			<ymax>2861</ymax>
		</bndbox>
	</object>
</annotation>
