<annotation>
	<folder>Dataset_Spring2021_HW4_Q1</folder>
	<filename>0117.jpg</filename>
	<path>/home/go4mo/Projects/ERDRecognition/Dataset_Spring2021_HW4_Q1/0117.jpg</path>
	<source>
		<database>Unknown</database>
	</source>
	<size>
		<width>1438</width>
		<height>921</height>
		<depth>3</depth>
	</size>
	<segmented>0</segmented>
	<object>
		<name>Entity</name>
		<pose>Unspecified</pose>
		<truncated>0</truncated>
		<difficult>0</difficult>
		<bndbox>
			<xmin>108</xmin>
			<ymin>43</ymin>
			<xmax>411</xmax>
			<ymax>203</ymax>
		</bndbox>
	</object>
	<object>
		<name>Entity</name>
		<pose>Unspecified</pose>
		<truncated>0</truncated>
		<difficult>0</difficult>
		<bndbox>
			<xmin>216</xmin>
			<ymin>370</ymin>
			<xmax>521</xmax>
			<ymax>519</ymax>
		</bndbox>
	</object>
	<object>
		<name>Entity</name>
		<pose>Unspecified</pose>
		<truncated>0</truncated>
		<difficult>0</difficult>
		<bndbox>
			<xmin>764</xmin>
			<ymin>378</ymin>
			<xmax>1074</xmax>
			<ymax>541</ymax>
		</bndbox>
	</object>
	<object>
		<name>Entity</name>
		<pose>Unspecified</pose>
		<truncated>0</truncated>
		<difficult>0</difficult>
		<bndbox>
			<xmin>779</xmin>
			<ymin>56</ymin>
			<xmax>1082</xmax>
			<ymax>241</ymax>
		</bndbox>
	</object>
	<object>
		<name>Entity</name>
		<pose>Unspecified</pose>
		<truncated>0</truncated>
		<difficult>0</difficult>
		<bndbox>
			<xmin>766</xmin>
			<ymin>679</ymin>
			<xmax>1069</xmax>
			<ymax>872</ymax>
		</bndbox>
	</object>
	<object>
		<name>Relationship</name>
		<pose>Unspecified</pose>
		<truncated>0</truncated>
		<difficult>0</difficult>
		<bndbox>
			<xmin>527</xmin>
			<ymin>32</ymin>
			<xmax>659</xmax>
			<ymax>96</ymax>
		</bndbox>
	</object>
	<object>
		<name>Relationship</name>
		<pose>Unspecified</pose>
		<truncated>0</truncated>
		<difficult>0</difficult>
		<bndbox>
			<xmin>599</xmin>
			<ymin>271</ymin>
			<xmax>730</xmax>
			<ymax>335</ymax>
		</bndbox>
	</object>
	<object>
		<name>Relationship</name>
		<pose>Unspecified</pose>
		<truncated>0</truncated>
		<difficult>0</difficult>
		<bndbox>
			<xmin>531</xmin>
			<ymin>139</ymin>
			<xmax>655</xmax>
			<ymax>206</ymax>
		</bndbox>
	</object>
	<object>
		<name>Relationship</name>
		<pose>Unspecified</pose>
		<truncated>0</truncated>
		<difficult>0</difficult>
		<bndbox>
			<xmin>869</xmin>
			<ymin>283</ymin>
			<xmax>996</xmax>
			<ymax>343</ymax>
		</bndbox>
	</object>
	<object>
		<name>Relationship</name>
		<pose>Unspecified</pose>
		<truncated>0</truncated>
		<difficult>0</difficult>
		<bndbox>
			<xmin>851</xmin>
			<ymin>582</ymin>
			<xmax>990</xmax>
			<ymax>643</ymax>
		</bndbox>
	</object>
	<object>
		<name>Relationship</name>
		<pose>Unspecified</pose>
		<truncated>0</truncated>
		<difficult>0</difficult>
		<bndbox>
			<xmin>1201</xmin>
			<ymin>438</ymin>
			<xmax>1323</xmax>
			<ymax>502</ymax>
		</bndbox>
	</object>
	<object>
		<name>Relationship</name>
		<pose>Unspecified</pose>
		<truncated>0</truncated>
		<difficult>0</difficult>
		<bndbox>
			<xmin>1211</xmin>
			<ymin>736</ymin>
			<xmax>1344</xmax>
			<ymax>806</ymax>
		</bndbox>
	</object>
</annotation>
