<annotation>
	<folder>Dataset_Spring2021_HW4_Q1-2</folder>
	<filename>0125.jpg</filename>
	<path>/Users/bradleybottomlee/Downloads/Dataset_Spring2021_HW4_Q1-2/0125.jpg</path>
	<source>
		<database>Unknown</database>
	</source>
	<size>
		<width>2331</width>
		<height>3297</height>
		<depth>1</depth>
	</size>
	<segmented>0</segmented>
	<object>
		<name>Entity</name>
		<pose>Unspecified</pose>
		<truncated>0</truncated>
		<difficult>0</difficult>
		<bndbox>
			<xmin>343</xmin>
			<ymin>1252</ymin>
			<xmax>620</xmax>
			<ymax>1454</ymax>
		</bndbox>
	</object>
	<object>
		<name>Entity</name>
		<pose>Unspecified</pose>
		<truncated>0</truncated>
		<difficult>0</difficult>
		<bndbox>
			<xmin>545</xmin>
			<ymin>1599</ymin>
			<xmax>825</xmax>
			<ymax>1804</ymax>
		</bndbox>
	</object>
	<object>
		<name>Entity</name>
		<pose>Unspecified</pose>
		<truncated>0</truncated>
		<difficult>0</difficult>
		<bndbox>
			<xmin>918</xmin>
			<ymin>1249</ymin>
			<xmax>1198</xmax>
			<ymax>1502</ymax>
		</bndbox>
	</object>
	<object>
		<name>Entity</name>
		<pose>Unspecified</pose>
		<truncated>0</truncated>
		<difficult>0</difficult>
		<bndbox>
			<xmin>1128</xmin>
			<ymin>1557</ymin>
			<xmax>1408</xmax>
			<ymax>1804</ymax>
		</bndbox>
	</object>
	<object>
		<name>Entity</name>
		<pose>Unspecified</pose>
		<truncated>0</truncated>
		<difficult>0</difficult>
		<bndbox>
			<xmin>1498</xmin>
			<ymin>1254</ymin>
			<xmax>1780</xmax>
			<ymax>1457</ymax>
		</bndbox>
	</object>
	<object>
		<name>Relationship</name>
		<pose>Unspecified</pose>
		<truncated>0</truncated>
		<difficult>0</difficult>
		<bndbox>
			<xmin>675</xmin>
			<ymin>1302</ymin>
			<xmax>868</xmax>
			<ymax>1404</ymax>
		</bndbox>
	</object>
	<object>
		<name>Relationship</name>
		<pose>Unspecified</pose>
		<truncated>0</truncated>
		<difficult>0</difficult>
		<bndbox>
			<xmin>1265</xmin>
			<ymin>1317</ymin>
			<xmax>1438</xmax>
			<ymax>1414</ymax>
		</bndbox>
	</object>
	<object>
		<name>Relationship</name>
		<pose>Unspecified</pose>
		<truncated>0</truncated>
		<difficult>0</difficult>
		<bndbox>
			<xmin>593</xmin>
			<ymin>1462</ymin>
			<xmax>778</xmax>
			<ymax>1552</ymax>
		</bndbox>
	</object>
	<object>
		<name>Relationship</name>
		<pose>Unspecified</pose>
		<truncated>0</truncated>
		<difficult>0</difficult>
		<bndbox>
			<xmin>1423</xmin>
			<ymin>1514</ymin>
			<xmax>1605</xmax>
			<ymax>1612</ymax>
		</bndbox>
	</object>
	<object>
		<name>Entity</name>
		<pose>Unspecified</pose>
		<truncated>0</truncated>
		<difficult>0</difficult>
		<bndbox>
			<xmin>1803</xmin>
			<ymin>1469</ymin>
			<xmax>1980</xmax>
			<ymax>1569</ymax>
		</bndbox>
	</object>
	<object>
		<name>Relationship</name>
		<pose>Unspecified</pose>
		<truncated>0</truncated>
		<difficult>0</difficult>
		<bndbox>
			<xmin>868</xmin>
			<ymin>1624</ymin>
			<xmax>1058</xmax>
			<ymax>1724</ymax>
		</bndbox>
	</object>
	<object>
		<name>Relationship</name>
		<pose>Unspecified</pose>
		<truncated>0</truncated>
		<difficult>0</difficult>
		<bndbox>
			<xmin>1428</xmin>
			<ymin>1819</ymin>
			<xmax>1603</xmax>
			<ymax>1917</ymax>
		</bndbox>
	</object>
	<object>
		<name>Attribute</name>
		<pose>Unspecified</pose>
		<truncated>0</truncated>
		<difficult>0</difficult>
		<bndbox>
			<xmin>1298</xmin>
			<ymin>1427</ymin>
			<xmax>1408</xmax>
			<ymax>1484</ymax>
		</bndbox>
	</object>
</annotation>
